Workbook

Sheet BD_VACANTES
A1: ID_VACANTE | B1: FECHA_SOLICITUD | C1: CLIENTE | D1: ZONA | E1: PUESTO | F1: VACANTES_SOLICITADAS | G1: SUELDO_MENSUAL | H1: PRESTACIONES | I1: HORARIO | J1: BANCO | K1: ESTUDIOS | L1: AÑOS_EXPERIENCIA | M1: EXPERIENCIA_REQUERIDA | N1: SEXO | O1: EDAD | P1: PRIORIDAD | Q1: ESTATUS | R1: FECHA_CUBIERTA | S1: DIAS_ABIERTA | T1: RECLUTADOR_LIDER | U1: OBSERVACIONES
A2: =IF(C2<>"","VAC-"&TEXT(ROW()-1,"0000"),"") | S2: =IF(B2="","",IF(R2<>"",R2-B2,TODAY()-B2))
A3: =IF(C3<>"","VAC-"&TEXT(ROW()-1,"0000"),"") | S3: =IF(B3="","",IF(R3<>"",R3-B3,TODAY()-B3))
A4: =IF(C4<>"","VAC-"&TEXT(ROW()-1,"0000"),"") | S4: =IF(B4="","",IF(R4<>"",R4-B4,TODAY()-B4))
A5: =IF(C5<>"","VAC-"&TEXT(ROW()-1,"0000"),"") | S5: =IF(B5="","",IF(R5<>"",R5-B5,TODAY()-B5))
A6: =IF(C6<>"","VAC-"&TEXT(ROW()-1,"0000"),"") | S6: =IF(B6="","",IF(R6<>"",R6-B6,TODAY()-B6))
A7: =IF(C7<>"","VAC-"&TEXT(ROW()-1,"0000"),"") | S7: =IF(B7="","",IF(R7<>"",R7-B7,TODAY()-B7))
A8: =IF(C8<>"","VAC-"&TEXT(ROW()-1,"0000"),"") | S8: =IF(B8="","",IF(R8<>"",R8-B8,TODAY()-B8))
A9: =IF(C9<>"","VAC-"&TEXT(ROW()-1,"0000"),"") | S9: =IF(B9="","",IF(R9<>"",R9-B9,TODAY()-B9))
A10: =IF(C10<>"","VAC-"&TEXT(ROW()-1,"0000"),"") | S10: =IF(B10="","",IF(R10<>"",R10-B10,TODAY()-B10))
A11: =IF(C11<>"","VAC-"&TEXT(ROW()-1,"0000"),"") | S11: =IF(B11="","",IF(R11<>"",R11-B11,TODAY()-B11))
A12: =IF(C12<>"","VAC-"&TEXT(ROW()-1,"0000"),"") | S12: =IF(B12="","",IF(R12<>"",R12-B12,TODAY()-B12))
A13: =IF(C13<>"","VAC-"&TEXT(ROW()-1,"0000"),"") | S13: =IF(B13="","",IF(R13<>"",R13-B13,TODAY()-B13))
... A500: =IF(C500<>"","VAC-"&TEXT(ROW()-1,"0000"),"") | S500: =IF(B500="","",IF(R500<>"",R500-B500,TODAY()-B500))

Sheet BD_CANDIDATOS
A1: ID_CANDIDATO | B1: FECHA_CAPTURA | C1: CANDIDATO | D1: TELEFONO | E1: DOMICILIO | F1: CURP | G1: RFC | H1: ID_VACANTE | I1: CLIENTE | J1: PUESTO | K1: RECLUTADOR | L1: FUENTE | M1: ETAPA | N1: APTO | O1: CONTRATADO | P1: FECHA_INGRESO | Q1: DIAS_PROCESO | R1: SUELDO_OFRECIDO | S1: COMENTARIOS
A2: =IF(C2<>"","CAN-"&TEXT(ROW()-1,"0000"),"") | I2: =IFERROR(_xludf.XLOOKUP(H2,BD_VACANTES!A:A,BD_VACANTES!C:C,""),"") | J2: =IFERROR(_xludf.XLOOKUP(H2,BD_VACANTES!A:A,BD_VACANTES!E:E,""),"") | Q2: =IF(B2="","",IF(P2<>"",P2-B2,TODAY()-B2))
A3: =IF(C3<>"","CAN-"&TEXT(ROW()-1,"0000"),"") | I3: =IFERROR(_xludf.XLOOKUP(H3,BD_VACANTES!A:A,BD_VACANTES!C:C,""),"") | J3: =IFERROR(_xludf.XLOOKUP(H3,BD_VACANTES!A:A,BD_VACANTES!E:E,""),"") | Q3: =IF(B3="","",IF(P3<>"",P3-B3,TODAY()-B3))
A4: =IF(C4<>"","CAN-"&TEXT(ROW()-1,"0000"),"") | I4: =IFERROR(_xludf.XLOOKUP(H4,BD_VACANTES!A:A,BD_VACANTES!C:C,""),"") | J4: =IFERROR(_xludf.XLOOKUP(H4,BD_VACANTES!A:A,BD_VACANTES!E:E,""),"") | Q4: =IF(B4="","",IF(P4<>"",P4-B4,TODAY()-B4))
A5: =IF(C5<>"","CAN-"&TEXT(ROW()-1,"0000"),"") | I5: =IFERROR(_xludf.XLOOKUP(H5,BD_VACANTES!A:A,BD_VACANTES!C:C,""),"") | J5: =IFERROR(_xludf.XLOOKUP(H5,BD_VACANTES!A:A,BD_VACANTES!E:E,""),"") | Q5: =IF(B5="","",IF(P5<>"",P5-B5,TODAY()-B5))
A6: =IF(C6<>"","CAN-"&TEXT(ROW()-1,"0000"),"") | I6: =IFERROR(_xludf.XLOOKUP(H6,BD_VACANTES!A:A,BD_VACANTES!C:C,""),"") | J6: =IFERROR(_xludf.XLOOKUP(H6,BD_VACANTES!A:A,BD_VACANTES!E:E,""),"") | Q6: =IF(B6="","",IF(P6<>"",P6-B6,TODAY()-B6))
A7: =IF(C7<>"","CAN-"&TEXT(ROW()-1,"0000"),"") | I7: =IFERROR(_xludf.XLOOKUP(H7,BD_VACANTES!A:A,BD_VACANTES!C:C,""),"") | J7: =IFERROR(_xludf.XLOOKUP(H7,BD_VACANTES!A:A,BD_VACANTES!E:E,""),"") | Q7: =IF(B7="","",IF(P7<>"",P7-B7,TODAY()-B7))
A8: =IF(C8<>"","CAN-"&TEXT(ROW()-1,"0000"),"") | I8: =IFERROR(_xludf.XLOOKUP(H8,BD_VACANTES!A:A,BD_VACANTES!C:C,""),"") | J8: =IFERROR(_xludf.XLOOKUP(H8,BD_VACANTES!A:A,BD_VACANTES!E:E,""),"") | Q8: =IF(B8="","",IF(P8<>"",P8-B8,TODAY()-B8))
A9: =IF(C9<>"","CAN-"&TEXT(ROW()-1,"0000"),"") | I9: =IFERROR(_xludf.XLOOKUP(H9,BD_VACANTES!A:A,BD_VACANTES!C:C,""),"") | J9: =IFERROR(_xludf.XLOOKUP(H9,BD_VACANTES!A:A,BD_VACANTES!E:E,""),"") | Q9: =IF(B9="","",IF(P9<>"",P9-B9,TODAY()-B9))
A10: =IF(C10<>"","CAN-"&TEXT(ROW()-1,"0000"),"") | I10: =IFERROR(_xludf.XLOOKUP(H10,BD_VACANTES!A:A,BD_VACANTES!C:C,""),"") | J10: =IFERROR(_xludf.XLOOKUP(H10,BD_VACANTES!A:A,BD_VACANTES!E:E,""),"") | Q10: =IF(B10="","",IF(P10<>"",P10-B10,TODAY()-B10))
A11: =IF(C11<>"","CAN-"&TEXT(ROW()-1,"0000"),"") | I11: =IFERROR(_xludf.XLOOKUP(H11,BD_VACANTES!A:A,BD_VACANTES!C:C,""),"") | J11: =IFERROR(_xludf.XLOOKUP(H11,BD_VACANTES!A:A,BD_VACANTES!E:E,""),"") | Q11: =IF(B11="","",IF(P11<>"",P11-B11,TODAY()-B11))
A12: =IF(C12<>"","CAN-"&TEXT(ROW()-1,"0000"),"") | I12: =IFERROR(_xludf.XLOOKUP(H12,BD_VACANTES!A:A,BD_VACANTES!C:C,""),"") | J12: =IFERROR(_xludf.XLOOKUP(H12,BD_VACANTES!A:A,BD_VACANTES!E:E,""),"") | Q12: =IF(B12="","",IF(P12<>"",P12-B12,TODAY()-B12))
A13: =IF(C13<>"","CAN-"&TEXT(ROW()-1,"0000"),"") | I13: =IFERROR(_xludf.XLOOKUP(H13,BD_VACANTES!A:A,BD_VACANTES!C:C,""),"") | J13: =IFERROR(_xludf.XLOOKUP(H13,BD_VACANTES!A:A,BD_VACANTES!E:E,""),"") | Q13: =IF(B13="","",IF(P13<>"",P13-B13,TODAY()-B13))
... A500: =IF(C500<>"","CAN-"&TEXT(ROW()-1,"0000"),"") | I500: =IFERROR(_xludf.XLOOKUP(H500,BD_VACANTES!A:A,BD_VACANTES!C:C,""),"") | J500: =IFERROR(_xludf.XLOOKUP(H500,BD_VACANTES!A:A,BD_VACANTES!E:E,""),"") | Q500: =IF(B500="","",IF(P500<>"",P500-B500,TODAY()-B500))

Sheet BD_RECLUTADORES
A1: RECLUTADOR | B1: ID_VACANTE | C1: CLIENTE | D1: PUESTO | E1: FECHA_ASIGNACION | F1: CANDIDATOS_PRESENTADOS | G1: CANDIDATOS_APTOS | H1: CONTRATADOS | I1: %_CONVERSION | J1: OBSERVACIONES
C2: =IFERROR(_xludf.XLOOKUP(B2,BD_VACANTES!A:A,BD_VACANTES!C:C,""),"") | D2: =IFERROR(_xludf.XLOOKUP(B2,BD_VACANTES!A:A,BD_VACANTES!E:E,""),"") | F2: =COUNTIFS(BD_CANDIDATOS!H:H,B2,BD_CANDIDATOS!K:K,A2) -> 0 | G2: =COUNTIFS(BD_CANDIDATOS!H:H,B2,BD_CANDIDATOS!K:K,A2,BD_CANDIDATOS!N:N,"SI") -> 0 | H2: =COUNTIFS(BD_CANDIDATOS!H:H,B2,BD_CANDIDATOS!K:K,A2,BD_CANDIDATOS!O:O,"SI") -> 0 | I2: =IFERROR(H2/F2,0) -> 0
C3: =IFERROR(_xludf.XLOOKUP(B3,BD_VACANTES!A:A,BD_VACANTES!C:C,""),"") | D3: =IFERROR(_xludf.XLOOKUP(B3,BD_VACANTES!A:A,BD_VACANTES!E:E,""),"") | F3: =COUNTIFS(BD_CANDIDATOS!H:H,B3,BD_CANDIDATOS!K:K,A3) -> 0 | G3: =COUNTIFS(BD_CANDIDATOS!H:H,B3,BD_CANDIDATOS!K:K,A3,BD_CANDIDATOS!N:N,"SI") -> 0 | H3: =COUNTIFS(BD_CANDIDATOS!H:H,B3,BD_CANDIDATOS!K:K,A3,BD_CANDIDATOS!O:O,"SI") -> 0 | I3: =IFERROR(H3/F3,0) -> 0
C4: =IFERROR(_xludf.XLOOKUP(B4,BD_VACANTES!A:A,BD_VACANTES!C:C,""),"") | D4: =IFERROR(_xludf.XLOOKUP(B4,BD_VACANTES!A:A,BD_VACANTES!E:E,""),"") | F4: =COUNTIFS(BD_CANDIDATOS!H:H,B4,BD_CANDIDATOS!K:K,A4) -> 0 | G4: =COUNTIFS(BD_CANDIDATOS!H:H,B4,BD_CANDIDATOS!K:K,A4,BD_CANDIDATOS!N:N,"SI") -> 0 | H4: =COUNTIFS(BD_CANDIDATOS!H:H,B4,BD_CANDIDATOS!K:K,A4,BD_CANDIDATOS!O:O,"SI") -> 0 | I4: =IFERROR(H4/F4,0) -> 0
C5: =IFERROR(_xludf.XLOOKUP(B5,BD_VACANTES!A:A,BD_VACANTES!C:C,""),"") | D5: =IFERROR(_xludf.XLOOKUP(B5,BD_VACANTES!A:A,BD_VACANTES!E:E,""),"") | F5: =COUNTIFS(BD_CANDIDATOS!H:H,B5,BD_CANDIDATOS!K:K,A5) -> 0 | G5: =COUNTIFS(BD_CANDIDATOS!H:H,B5,BD_CANDIDATOS!K:K,A5,BD_CANDIDATOS!N:N,"SI") -> 0 | H5: =COUNTIFS(BD_CANDIDATOS!H:H,B5,BD_CANDIDATOS!K:K,A5,BD_CANDIDATOS!O:O,"SI") -> 0 | I5: =IFERROR(H5/F5,0) -> 0
C6: =IFERROR(_xludf.XLOOKUP(B6,BD_VACANTES!A:A,BD_VACANTES!C:C,""),"") | D6: =IFERROR(_xludf.XLOOKUP(B6,BD_VACANTES!A:A,BD_VACANTES!E:E,""),"") | F6: =COUNTIFS(BD_CANDIDATOS!H:H,B6,BD_CANDIDATOS!K:K,A6) -> 0 | G6: =COUNTIFS(BD_CANDIDATOS!H:H,B6,BD_CANDIDATOS!K:K,A6,BD_CANDIDATOS!N:N,"SI") -> 0 | H6: =COUNTIFS(BD_CANDIDATOS!H:H,B6,BD_CANDIDATOS!K:K,A6,BD_CANDIDATOS!O:O,"SI") -> 0 | I6: =IFERROR(H6/F6,0) -> 0
C7: =IFERROR(_xludf.XLOOKUP(B7,BD_VACANTES!A:A,BD_VACANTES!C:C,""),"") | D7: =IFERROR(_xludf.XLOOKUP(B7,BD_VACANTES!A:A,BD_VACANTES!E:E,""),"") | F7: =COUNTIFS(BD_CANDIDATOS!H:H,B7,BD_CANDIDATOS!K:K,A7) -> 0 | G7: =COUNTIFS(BD_CANDIDATOS!H:H,B7,BD_CANDIDATOS!K:K,A7,BD_CANDIDATOS!N:N,"SI") -> 0 | H7: =COUNTIFS(BD_CANDIDATOS!H:H,B7,BD_CANDIDATOS!K:K,A7,BD_CANDIDATOS!O:O,"SI") -> 0 | I7: =IFERROR(H7/F7,0) -> 0
C8: =IFERROR(_xludf.XLOOKUP(B8,BD_VACANTES!A:A,BD_VACANTES!C:C,""),"") | D8: =IFERROR(_xludf.XLOOKUP(B8,BD_VACANTES!A:A,BD_VACANTES!E:E,""),"") | F8: =COUNTIFS(BD_CANDIDATOS!H:H,B8,BD_CANDIDATOS!K:K,A8) -> 0 | G8: =COUNTIFS(BD_CANDIDATOS!H:H,B8,BD_CANDIDATOS!K:K,A8,BD_CANDIDATOS!N:N,"SI") -> 0 | H8: =COUNTIFS(BD_CANDIDATOS!H:H,B8,BD_CANDIDATOS!K:K,A8,BD_CANDIDATOS!O:O,"SI") -> 0 | I8: =IFERROR(H8/F8,0) -> 0
C9: =IFERROR(_xludf.XLOOKUP(B9,BD_VACANTES!A:A,BD_VACANTES!C:C,""),"") | D9: =IFERROR(_xludf.XLOOKUP(B9,BD_VACANTES!A:A,BD_VACANTES!E:E,""),"") | F9: =COUNTIFS(BD_CANDIDATOS!H:H,B9,BD_CANDIDATOS!K:K,A9) -> 0 | G9: =COUNTIFS(BD_CANDIDATOS!H:H,B9,BD_CANDIDATOS!K:K,A9,BD_CANDIDATOS!N:N,"SI") -> 0 | H9: =COUNTIFS(BD_CANDIDATOS!H:H,B9,BD_CANDIDATOS!K:K,A9,BD_CANDIDATOS!O:O,"SI") -> 0 | I9: =IFERROR(H9/F9,0) -> 0
C10: =IFERROR(_xludf.XLOOKUP(B10,BD_VACANTES!A:A,BD_VACANTES!C:C,""),"") | D10: =IFERROR(_xludf.XLOOKUP(B10,BD_VACANTES!A:A,BD_VACANTES!E:E,""),"") | F10: =COUNTIFS(BD_CANDIDATOS!H:H,B10,BD_CANDIDATOS!K:K,A10) -> 0 | G10: =COUNTIFS(BD_CANDIDATOS!H:H,B10,BD_CANDIDATOS!K:K,A10,BD_CANDIDATOS!N:N,"SI") -> 0 | H10: =COUNTIFS(BD_CANDIDATOS!H:H,B10,BD_CANDIDATOS!K:K,A10,BD_CANDIDATOS!O:O,"SI") -> 0 | I10: =IFERROR(H10/F10,0) -> 0
C11: =IFERROR(_xludf.XLOOKUP(B11,BD_VACANTES!A:A,BD_VACANTES!C:C,""),"") | D11: =IFERROR(_xludf.XLOOKUP(B11,BD_VACANTES!A:A,BD_VACANTES!E:E,""),"") | F11: =COUNTIFS(BD_CANDIDATOS!H:H,B11,BD_CANDIDATOS!K:K,A11) -> 0 | G11: =COUNTIFS(BD_CANDIDATOS!H:H,B11,BD_CANDIDATOS!K:K,A11,BD_CANDIDATOS!N:N,"SI") -> 0 | H11: =COUNTIFS(BD_CANDIDATOS!H:H,B11,BD_CANDIDATOS!K:K,A11,BD_CANDIDATOS!O:O,"SI") -> 0 | I11: =IFERROR(H11/F11,0) -> 0
C12: =IFERROR(_xludf.XLOOKUP(B12,BD_VACANTES!A:A,BD_VACANTES!C:C,""),"") | D12: =IFERROR(_xludf.XLOOKUP(B12,BD_VACANTES!A:A,BD_VACANTES!E:E,""),"") | F12: =COUNTIFS(BD_CANDIDATOS!H:H,B12,BD_CANDIDATOS!K:K,A12) -> 0 | G12: =COUNTIFS(BD_CANDIDATOS!H:H,B12,BD_CANDIDATOS!K:K,A12,BD_CANDIDATOS!N:N,"SI") -> 0 | H12: =COUNTIFS(BD_CANDIDATOS!H:H,B12,BD_CANDIDATOS!K:K,A12,BD_CANDIDATOS!O:O,"SI") -> 0 | I12: =IFERROR(H12/F12,0) -> 0
C13: =IFERROR(_xludf.XLOOKUP(B13,BD_VACANTES!A:A,BD_VACANTES!C:C,""),"") | D13: =IFERROR(_xludf.XLOOKUP(B13,BD_VACANTES!A:A,BD_VACANTES!E:E,""),"") | F13: =COUNTIFS(BD_CANDIDATOS!H:H,B13,BD_CANDIDATOS!K:K,A13) -> 0 | G13: =COUNTIFS(BD_CANDIDATOS!H:H,B13,BD_CANDIDATOS!K:K,A13,BD_CANDIDATOS!N:N,"SI") -> 0 | H13: =COUNTIFS(BD_CANDIDATOS!H:H,B13,BD_CANDIDATOS!K:K,A13,BD_CANDIDATOS!O:O,"SI") -> 0 | I13: =IFERROR(H13/F13,0) -> 0
... C200: =IFERROR(_xludf.XLOOKUP(B200,BD_VACANTES!A:A,BD_VACANTES!C:C,""),"") | D200: =IFERROR(_xludf.XLOOKUP(B200,BD_VACANTES!A:A,BD_VACANTES!E:E,""),"") | F200: =COUNTIFS(BD_CANDIDATOS!H:H,B200,BD_CANDIDATOS!K:K,A200) -> 0 | G200: =COUNTIFS(BD_CANDIDATOS!H:H,B200,BD_CANDIDATOS!K:K,A200,BD_CANDIDATOS!N:N,"SI") -> 0 | H200: =COUNTIFS(BD_CANDIDATOS!H:H,B200,BD_CANDIDATOS!K:K,A200,BD_CANDIDATOS!O:O,"SI") -> 0 | I200: =IFERROR(H200/F200,0) -> 0

Sheet CATALOGOS
A1: ESTATUS_VACANTE | B1: ETAPA_CANDIDATO | C1: SI_NO | D1: RECLUTADOR | E1: CLIENTE | F1: FUENTE | G1: PRIORIDAD | H1: SEXO
A2: ABIERTA | B2: NUEVO | C2: SI | D2: Monica Soto | E2: EL CAMINO | F2: Facebook | G2: ALTA | H2: INDISTINTO
A3: EN PROCESO | B3: CONTACTADO | C3: NO | D3: Pricila de Leòn | E3: GTS | F3: LinkedIn | G3: MEDIA | H3: MASCULINO
A4: CUBIERTA | B4: ENTREVISTA | D4: Belem Gonzalez | E4: FILM | F4: WhatsApp | G4: BAJA | H4: FEMENINO
A5: CANCELADA | B5: APTO | D5: Servando Heriberto Moreno | E5: ECOVIA | F5: Referido
A6: PAUSADA | B6: NO APTO | D6: Aaron Vazquez | E6: NM FIRE | F6: Bolsa de trabajo
B7: CONTRATADO | D7: Aaron Brandon | E7: LUNACO | F7: Otro
B8: DESCARTADO | E8: HEB
E9: CERRO DEL FRAILE
E10: I CALIZA
E11: CONSTRUCTORA HFC
E12: JINSEONG TECH
E13: GRUPO RIVERO
E14: INCASA
E15: PLASTIC EXPRESS
E16: MELTER
E17: OMA

Sheet DASHBOARD
A1: REPORTE RESUMEN DE RECLUTAMIENTO 2026
A3: Vacantes registradas | B3: =COUNTIF(BD_VACANTES!A:A,"VAC-*") -> 0 | D3: Estatus vacante | E3: Total
A4: Vacantes abiertas | B4: =COUNTIF(BD_VACANTES!Q:Q,"ABIERTA") -> 0 | D4: ABIERTA | E4: =COUNTIF(BD_VACANTES!Q:Q,D4) -> 0
A5: Vacantes cubiertas | B5: =COUNTIF(BD_VACANTES!Q:Q,"CUBIERTA") -> 0 | D5: EN PROCESO | E5: =COUNTIF(BD_VACANTES!Q:Q,D5) -> 0
A6: Candidatos capturados | B6: =COUNTIF(BD_CANDIDATOS!A:A,"CAN-*") -> 0 | D6: CUBIERTA | E6: =COUNTIF(BD_VACANTES!Q:Q,D6) -> 0
A7: Candidatos aptos | B7: =COUNTIF(BD_CANDIDATOS!N:N,"SI") -> 0 | D7: CANCELADA | E7: =COUNTIF(BD_VACANTES!Q:Q,D7) -> 0
A8: Contratados | B8: =COUNTIF(BD_CANDIDATOS!O:O,"SI") -> 0 | D8: PAUSADA | E8: =COUNTIF(BD_VACANTES!Q:Q,D8) -> 0
A9: Conversión contratado/candidato | B9: =IFERROR(B8/B6,0) -> 0
A10: Días promedio cobertura | B10: =IFERROR(AVERAGEIF(BD_VACANTES!Q:Q,"CUBIERTA",BD_VACANTES!S:S),0) -> 0
A13: Reclutador | B13: Presentados | C13: Aptos | D13: Contratados | E13: % Conversión
A14: =CATALOGOS!D2 -> Monica Soto | B14: =SUMIF(BD_RECLUTADORES!A:A,A14,BD_RECLUTADORES!F:F) -> 0 | C14: =SUMIF(BD_RECLUTADORES!A:A,A14,BD_RECLUTADORES!G:G) -> 0 | D14: =SUMIF(BD_RECLUTADORES!A:A,A14,BD_RECLUTADORES!H:H) -> 0 | E14: =IFERROR(D14/B14,0) -> 0
A15: =CATALOGOS!D3 -> Pricila de Leòn | B15: =SUMIF(BD_RECLUTADORES!A:A,A15,BD_RECLUTADORES!F:F) -> 0 | C15: =SUMIF(BD_RECLUTADORES!A:A,A15,BD_RECLUTADORES!G:G) -> 0 | D15: =SUMIF(BD_RECLUTADORES!A:A,A15,BD_RECLUTADORES!H:H) -> 0 | E15: =IFERROR(D15/B15,0) -> 0
A16: =CATALOGOS!D4 -> Belem Gonzalez | B16: =SUMIF(BD_RECLUTADORES!A:A,A16,BD_RECLUTADORES!F:F) -> 0 | C16: =SUMIF(BD_RECLUTADORES!A:A,A16,BD_RECLUTADORES!G:G) -> 0 | D16: =SUMIF(BD_RECLUTADORES!A:A,A16,BD_RECLUTADORES!H:H) -> 0 | E16: =IFERROR(D16/B16,0) -> 0
A17: =CATALOGOS!D5 -> Servando Heriberto Moreno | B17: =SUMIF(BD_RECLUTADORES!A:A,A17,BD_RECLUTADORES!F:F) -> 0 | C17: =SUMIF(BD_RECLUTADORES!A:A,A17,BD_RECLUTADORES!G:G) -> 0 | D17: =SUMIF(BD_RECLUTADORES!A:A,A17,BD_RECLUTADORES!H:H) -> 0 | E17: =IFERROR(D17/B17,0) -> 0
A18: =CATALOGOS!D6 -> Aaron Vazquez | B18: =SUMIF(BD_RECLUTADORES!A:A,A18,BD_RECLUTADORES!F:F) -> 0 | C18: =SUMIF(BD_RECLUTADORES!A:A,A18,BD_RECLUTADORES!G:G) -> 0 | D18: =SUMIF(BD_RECLUTADORES!A:A,A18,BD_RECLUTADORES!H:H) -> 0 | E18: =IFERROR(D18/B18,0) -> 0
A21: Cómo usar: captura primero las vacantes en BD_VACANTES, después candidatos en BD_CANDIDATOS y asignaciones en BD_RECLUTADORES. El DASHBOARD se actualiza con fórmulas al abrir/calcular el archivo en Excel.
